bewertung,typ,idx,title,headline,url,author,urldate,year,doi,school,type
⭐⭐⭐,Youtube,1,ARBEITSSPEICHER (RAM) einfach erklärt,webRAMSEinfachErklärt,https://www.youtube.com/watch?v=7Cw2MvuTqkM,IT & Medien einfach erklärt,26/11/2025,2022,,,
⭐⭐⭐,Youtube,2,Wie funktioniert Arbeitsspeicher? #5,webFunktionsweiseRAM,https://www.youtube.com/watch?v=7MPn3zr6Htk&t,brainfaqk,26/11/2025,2014,,,
⭐⭐⭐⭐⭐,Youtube,3,How does Computer Memory Work?,webComputerMemory,https://www.youtube.com/watch?v=7J7X7aZvMXQ&t,Branch Education,26/11/2025,2022,,,
⭐⭐,Webseite,4,RAM,webRAM_1,https://wirtschaftslexikon.gabler.de/definition/ram-42794,Prof. Dr. Richard Lackes,26/11/2025,,,,
⭐⭐⭐⭐⭐,Paper,5,Flipping Bits in Memory Without Accessing Them,paperFlippingBits,https://users.ece.cmu.edu/~yoonguk/papers/kim-isca14.pdf,"Yoongu Kim, Ross Daly, Jeremie Kim, Chris Fallin, Ji Hye Lee, Donghyuk Lee, Chris Wilkerson, and Konrad Lai Onur Mutlu",26/11/2025,2014,https://doi.org/10.1145/2678373.2665726,,
,Documentation,6,Examining Process Page Tables,docExaminingPageTables,https://www.kernel.org/doc/html/latest/admin-guide/mm/pagemap.html,The kernel development community,26/11/2025,,,,
,Documentation,7,Userfaultfd,docUserfaultfd,https://www.kernel.org/doc/html/latest/admin-guide/mm/userfaultfd.html,The kernel development community,26/11/2025,,,,
,Documentation,8,Soft-Dirty PTEs,docSoftDirtyPTEs,https://www.kernel.org/doc/html/latest/admin-guide/mm/soft-dirty.html,The kernel development community,26/11/2025,,,,
,Webseite,9,proc_pid_pagemap,webProcPidPagemap,https://manpages.ubuntu.com/manpages/oracular/de/man5/proc_pid_pagemap.5.html,Canonical,26/11/2025,2025,,,
,Webseite,10,proc_pid_pagemap(5) — Linux manual page,webProcPidPagemapManual,https://man7.org/linux/man-pages/man5/proc_pid_pagemap.5.html,Michael Kerrisk,26/11/2025,2025,,,
,Webseite,11,madvise(2) — Linux manual page,webMadvise,https://man7.org/linux/man-pages/man2/madvise.2.html,Michael Kerrisk,26/11/2025,2025,,,
,Documentation,12,Chapter 15. Getting started with swap,docSwap,https://docs.redhat.com/en/documentation/red_hat_enterprise_linux/9/html/managing_storage_devices/getting-started-with-swap_managing-storage-devices,RedHat,26/11/2025,,,,
,Documentation,13,Page Tables,docPageTables,https://docs.kernel.org/mm/page_tables.html,The kernel development community,26/11/2025,,,,
,Documentation,14,Memory mapping,docMemoryMapping,https://linux-kernel-labs.github.io/refs/heads/master/labs/memory_mapping.html,The kernel development community,26/11/2025,,,,
,Webseite,15,What is Memory Management Unit(MMU)?,webMMU,https://www.geeksforgeeks.org/computer-organization-architecture/what-is-memory-management-unit/,rohitkumarsingh31,26/11/2025,2025,,,
,Webseite,16,Noise Margin,webNoiseMargin,https://www.sciencedirect.com/topics/computer-science/noise-margin,"Xinghao Chen, and Nur A. Touba",26/11/2025,2009,,,
,Webseite,17,Data Bus,webDataBus,https://www.elektroniknet.de/glossar/data-bus/,Componeers GmbH,26/11/2025,2025,,,
⭐⭐⭐⭐⭐,Paper,18,Rowhammer on Steroids,paperRowhammerOnSteroids,https://www.researchgate.net/publication/389655287_Flipper_Rowhammer_on_Steroids,"Florian Adamsky, and Martin Heckel",26/11/2025,2025,https://doi.org/10.46586/uasc.2025.002,,
,Webseite,19,Freiwillige gesucht: Die Forschung an der Sicherheitslücke „Rowhammer“ geht weiter,webForschung,https://campuls.hof-university.de/wissenschaft-forschung/freiwillige-gesucht-die-forschung-an-der-sicherheitsluecke-rowhammer-geht-weiter/,Rainer Krauß,26/11/2025,2025,,,
,Webseite,20,“Rowhammer”-Angriffe: DFG-Förderung für IT-Sicherheitsforschung,webFörderung,https://campuls.hof-university.de/wissenschaft-forschung/rowhammer-angriffe-hochschule-erhaelt-foerderung-fuer-it-sicherheitsforschung/,Anne-Christine Habbel,26/11/2025,,,,
⭐⭐⭐⭐,Paper,21,Rowhammer Attacks on the Raspberry Pi 3B+,paperRHonRi3B+,https://par.nsf.gov/servlets/purl/10220639,"Yohannes Bekele, Ahmed Yiwere, and Daniel Limbrick",26/11/2025,,,,
,Paper,22,On DRAM Rowhammer and the Physics of Insecurity,paperOnDRAM,https://scispace.com/pdf/on-dram-rowhammer-and-the-physics-of-insecurity-4gyaba743e.pdf,"Andrew J. Walker, Sungkwon Lee, and Dafna Beery",26/11/2025,2021,https://doi.org/10.1109/TED.2021.3060362,,
,Paper,23,Rowhammer Attacks in DRAM and Defense Methods,paperRHinDRAM,https://www.mdpi.com/1424-8220/24/2/592,"Dayeon Kim, Hyungdong Park, Inguk Yeo, Youn Kyu Lee, Youngmin Kim, Hyung-Min Lee, and Kon-Woo Kwon",26/11/2025,2024,https://doi.org/10.3390/s24020592,,
,Paper,24,Another Flip in The Wall Of Rowhammer Defense,paperAnotherFlip,https://arxiv.org/abs/1710.00551,"Daniel Gruss, Moritz Lipp, Michael Schwarz, Daniel Genkin, Jonas Juffinger, Sioli O'Connell, Wolfgang Schoechl, and Yuval Yarom",26/11/2025,2018,https://doi.org/10.48550/arXiv.1710.00551,,
,Webseite,25,Sense Amplifier,webSenseAmplifier,https://www.sciencedirect.com/topics/engineering/sense-amplifier,"Dilber Uzun Ozsahin, Basil Bartholomew Duwa, David Edward, Dawda Cham, John Bush Idoko, and Ilker Ozsahin",26/11/2025,2024,https://doi.org/10.1016/B978-0-443-14133-1.00016-1,,
,Webseite,26,Was ist der Unterschied zwischen ARM und x86?,webARMandX86,https://www.redhat.com/de/topics/linux/was-ist-der-unterschied-zwischen-arm-und-x86,RedHat,26/11/2025,2022,,,
,Webseite,27,Cache,webCache,https://www.sumax.de/wissen/lexikon/cache.html,Sumax,26/11/2025,,,,
,Paper,28,The RowHammer Problem and Other Issues We May Face as Memory Becomes Denser,paperRHProblem,https://people.inf.ethz.ch/omutlu/pub/rowhammer-and-other-memory-issues_date17.pdf#page=1.51,Onur Mutlu,26/11/2025,2017,https://doi.org/10.23919/DATE.2017.7927156,,
,Paper,29,Revisiting DRAM Read Disturbance: Identifying Inconsistencies Between Experimental Characterization and Device-Level Studies,paperRevisitingDRAM,https://arxiv.org/pdf/2503.16749v1,"Haocong Luo, İsmail Emir Yüksel, Ataberk Olgun, A. Giray Yağlıkçı, and Onur Mutlu",26/11/2025,2025,https://doi.org/10.48550/arXiv.2503.16749,,
,Webseite,30,Was ist ein Cache?,webWhatsACache_1,https://www.ionos.de/digitalguide/hosting/hosting-technik/was-ist-ein-cache/,IONOS Redaktion,26/11/2025,2022,,,
,Paper,31,An Overview of Cache Memory in Memory Management,paperOverviewOfCacheMemory,https://www.researchgate.net/publication/348013964_An_Overview_of_Cache_Memory_in_Memory_Management,"Ademodi Oluwatosin Abayomi, Ajayi Abayomi Olukayode, and Green Oluwole Olakunle",26/11/2025,2020,https://doi.org/10.11648/j.acis.20200803.11,,
,Webseite,32,Was ist ein Cache?,webWhatsACache_2,https://www.heise-homepages.de/glossary/cache/#,Heise ChatGPT,26/11/2025,2024,,,
,Presentation,33,Main Memory and DRAM,presMainMemory,https://compas.cs.stonybrook.edu/~nhonarmand/courses/sp15/cse502/slides/06-main_mem.pdf#page=6.00,Nima Honarmand,26/11/2025,2015,,,
⭐⭐⭐⭐⭐,Webseite,34,Ten Years of Rowhammer,webTenYearsOfRH,https://media.ccc.de/v/38c3-ten-years-of-rowhammer-a-retrospect-and-path-to-the-future#t=1177,"Daniel Gruss, Martin Heckel, and Florian Adamsky",26/11/2025,2024,,,
,Paper,35,Exploiting Correcting Codes: On the Effectiveness of ECC Memory Against Rowhammer Attacks,paperECC,https://ieeexplore.ieee.org/stamp/stamp.jsp?tp=&arnumber=8835222#page=13.34,"Lucian Cojocar, Kaveh Razavi, Cristiano Giuffrida, and Herbert Bos",26/11/2025,2019,https://doi.org/10.1109/SP.2019.00089,,
⭐⭐⭐⭐⭐,Paper,36,TRRScope: Understanding Target Row Refresh Mechanism for Modern DDR Protection,paperTRRScope,https://par.nsf.gov/servlets/purl/10351034,"Yichen Jiang, Huifeng Zhu, Haoqi Shan, Xiaolong Guo, Xuan Zhang, and Yier Jin",26/11/2025,2022,https://doi.org/10.1109/HOST49136.2021.9702274,,
⭐⭐⭐⭐,Paper,37,TRRespass: Exploiting the Many Sides of Target Row Refresh,paperTRRespass,https://download.vusec.net/papers/trrespass_sp20.pdf,"Pietro Frigo, Emanuele Vannacci, Hasan Hassan, Victor van der Veen, Onur Mutlu, Cristiano Giuffrida, Herbert Bos, and Kaveh Razavi",26/11/2025,2020,https://doi.org/10.1109/SP40000.2020.00090,,
⭐⭐⭐⭐⭐,Paper,38,Drammer: Deterministic Rowhammer Attacks on Mobile Platforms,paperDrammer,https://vvdveen.com/publications/drammer.pdf,"Victor van der Veen, Yanick Fratantonio, Martina Lindorfer, Daniel Gruss, Clémentine Maurice, Giovanni Vigna, Herbert Bos, Kaveh Razavi, and Cristiano Giuffrida",26/11/2025,2016,https://doi.org/10.1145/2976749.2978406,,
,Paper,39,Rowhammer.js: A Remote Software-Induced Fault Attack in JavaScript,paperRowhammerjs,https://arxiv.org/pdf/1507.06955,"Daniel Gruss, Cl´ementine Maurice, and Stefan Mangard",26/11/2025,2016,https://doi.org/10.48550/arXiv.1507.06955,,
⭐⭐⭐⭐,Youtube,40,Row Hammer: Flipping Bits in Memory Without Accessing Them - Papers We Love https://www.youtube.com/hashtag/026,webPaperWeLove,https://www.youtube.com/watch?v=1iBpLhFN_OA&t,Engineers.SG,26/11/2025,2017,,,
,Paper,41,SMS: Solving Many-sided RowHammer,paperSMS,https://www.memsys.io/wp-content/uploads/ninja-forms/5/memsys_NoACM_copyright.pdf,"Samiksha Verma, and Virendra Singh",26/11/2025,2024,https://doi.org/10.1145/3695794.3695802,,
,Paper,42,ZebRAM: Comprehensive and Compatible Software Protection Against Rowhammer Attack,paperZebRAM,https://www.usenix.org/system/files/osdi18-konoth.pdf,"Radhesh Krishnan Konoth, Marco Oliverio, Andrei Tatar, Dennis Andriesse, Herbert Bos, Cristiano Giuffrida, and Kaveh Razavi",26/11/2025,2018,,,
,Paper,43,Can’t Touch This: Practical and Generic Software-only Defenses Against Rowhammer Attacks,paperCantTouchThis,https://arxiv.org/pdf/1611.08396,"Ferdinand Brasser, Lucas Davi, David Gens, Christopher Liebchen, and Ahmad-Reza Sadeghi",26/11/2025,2016,https://doi.org/10.48550/arXiv.1611.08396,,
,Paper,44,HexPADS: a platform to detect “stealth” attacks,paperHexPADS,https://www.nebelwelt.net/publications/files/16ESSoS.pdf#page=12.33,Mathias Payer,26/11/2025,2016,https://doi.org/10.1007/978-3-319-30806-7_9,,
⭐⭐⭐⭐,Webseite,45,CPU Cache Explained - What is Cache Memory?,webCPUCache,https://youtu.be/yi0FhRqDJfo?si=S9AKrismPQv5NNNB,PowerCert Animated Videos,26/11/2025,2016,,,
⭐,Webseite,46,Die Unterschiede zwischen Cache und RAM erklärt,webCacheVsRAM,https://www.computerweekly.com/de/ratgeber/Was-ist-der-Unterschied-zwischen-Cache-und-RAM,"Stacey Peterson, Garry Kranz, and Jon Toigo",26/11/2025,2025,,,
⭐⭐⭐⭐,Paper,47,Exploiting the DRAM rowhammer bug to gain kernel privileges,paperExploitingTheDRAM,"https://www.blackhat.com/docs/us-15/materials/us-15-Seaborn-Exploiting-The-DRAM-Rowhammer-Bug-To-Gain-Kernel-Privileges-wp.pdf

https://projectzero.google/2015/03/exploiting-dram-rowhammer-bug-to-gain.html","Mark Seaborn, and Thomas Dullien",29/12/2025,2015,,,
⭐⭐⭐⭐⭐,Paper,48,Triggering Rowhammer Hardware Fault on ARM: A Revisit,paperTriggeringRHHardwareFault,https://cs.vuse.vanderbilt.edu/koutsoxd/www/Publications/p24-zhang.pdf,"Zhenkai Zhang, Zihao Zhan, Daniel Balasubramanian, Xenofon Koutsoukos, and Gabor Karsai",26/11/2025,2018,https://doi.org/10.1145/3266444.3266454,,
⭐,Webseite,49,Arbeitsspeicher (RAM),webRAM_2,https://www.delst.de/de/lexikon/arbeitsspeicher-ram/,DELST,26/11/2025,,,,
⭐⭐,Webseite,50,Was ist RAM und was macht RAM?,webWhatDoesRAM,https://www.crucial.de/articles/about-memory/support-what-does-computer-memory-do?srsltid=AfmBOooYOj-vssp622KnrAgXWXHc5qX1LKhyemFGRd-PEm0xdVpy1G58,micron crucial,26/11/2025,2025,,,
,Paper,51,BLACKSMITH: Scalable Rowhammering in the Frequency Domain,paperBlacksmith,https://comsec.ethz.ch/wp-content/files/blacksmith_sp22.pdf,"Patrick Jattke, Victor van der Veen, Pietro Frigo, Stijn Gunter, and Kaveh Razavi",26/11/2025,2022,https://doi.org/10.1109/SP46214.2022.9833772,,
⭐⭐⭐⭐,Blog,52,Discovering new blind Rowhammer attack approaches on Raspberry Pi 4B,webNewBlindRHApproach,https://oswalpalash.com/discovering-new-rowhammer-attacks-on-raspberry-pi-4b/,Palash Oswal,26/11/2025,2023,,,
,Paper,53,Half-Double: Hammering From the Next Row Over,paperHalfDouble,https://www.usenix.org/system/files/sec22-kogler-half-double.pdf,"Andreas Kogler, Jonas Juffinger, Salman Qazi, Yoongu Kim, Moritz Lipp, Nicolas Boichat, Eric Shiu, Mattias Nissler, and Daniel Gruss",26/11/2025,2022,,,
⭐⭐,Webseite,54,DDR5: What is On-Die ECC?,webECC,https://www.atpinc.com/tw/blog/ddr5-what-is-on-die-ecc-how-is-it-different-to-traditional-ecc,ATP,26/11/2025,2023,,,
⭐⭐,Webseite,55,Whats Is Difference Between LPDDR5 Vs LPDDR4X Vs LPDDR4,webDifferenceLPDDR4,https://www.ecomponentshop.com/tutorial-details/whats-is-difference-between-lpddr5-vs-lpddr4x-vs-lpddr4,ECommponent Shop,26/11/2025,,,,
⭐⭐⭐,Webseite,56,SDRAM - Synchronous DRAM,webSDRAM,https://www.elektronik-kompendium.de/sites/com/0410021.htm,Elektronik Kompendium,26/11/2025,,,,
,Paper,57,RowHammer: A Retrospective,paperRHARetrospective,https://people.inf.ethz.ch/omutlu/pub/RowHammer-Retrospective_ieee_tcad19.pdf,"Onur Mutlu, and Jeremie S. Kim",26/11/2025,2019,https://doi.org/10.48550/arXiv.1904.09724,,
,Github,58,rowhammering,toolRowhammering,https://github.com/hammertux/rowhammering,hammertux,26/11/2025,2019,,,
⭐⭐⭐,Webseite,59,Stack vs Heap Memory Allocation,webStackHeap,https://www.geeksforgeeks.org/dsa/stack-vs-heap-memory-allocation/,Ankit_Bisht,26/11/2025,2025,,,
⭐⭐,Webseite,60,Understanding Huge Pages,webHugePages,https://www.netdata.cloud/blog/understanding-huge-pages/,Satyadeep Ashwathnarayana,26/11/2025,2023,,,
,Webseite,61,Raspberry Pi 4 Model B: Blockschaltbild des Broadcom BCM2711,webRPI4Blockschaltbild,https://www.heise.de/hintergrund/Raspberry-Pi-4-Model-B-Blockschaltbild-des-Broadcom-BCM2711-4514399.html,Christof Windeck,26/11/2025,2019,,,
,Datasheet,62,BCM2711 ARM Peripherals,datasheetBCM2711,https://datasheets.raspberrypi.com/bcm2711/bcm2711-peripherals.pdf,Raspberry Pi,26/11/2025,,,,
,Documentation,63,Raspberry Pi 4,docRaspberryPi4,https://archlinuxarm.org/platforms/armv8/broadcom/raspberry-pi-4,archlinux,26/11/2025,,,,
,Webseite,64,Processors,webProcessors,https://www.raspberrypi.com/documentation/computers/processors.html,Raspberry Pi,26/11/2025,,,,
,Webseite,65,CPU Cortex-A72,webCortexA72,https://www.arm.com/products/silicon-ip-cpu/cortex-a/cortex-a72,ARM,26/11/2025,,,,
,Forum,66,How to bypass the Cache on Raspberry 5,webCacheBypass,https://forums.raspberrypi.com/viewtopic.php?t=392077,thePiOneer,26/11/2025,2025,,,
,Documentation,67,System Design Considerations,docSystemDesignConsiderations,https://docs.amd.com/r/en-US/pg313-network-on-chip/DRAM-Addressing,AMD,26/11/2025,,,,
,Blog,68,How is Virtual Memory Translated to Physical Memory?,webVirtualMemoryTranslation,https://blogs.vmware.com/cloud-foundation/2020/03/03/how-is-virtual-memory-translated-to-physical-memory/,Niels Hagoort,26/11/2025,2020,,,
⭐⭐⭐⭐,Youtube,69,Virtual Memory: 6 Address Translation,webVirtualMemory_2,https://www.youtube.com/watch?v=ZjKS1IbiGDA,David Black-Schaffer,26/11/2025,2014,,,
⭐⭐⭐⭐,Youtube,70,Virtual Memory: 2 Three problems with Memory,webVirtualMemory_1,https://www.youtube.com/watch?v=eSPFB-xF5iM&list=PLiwt1iVUib9s2Uo5BeYmwkDFUh70fJPxX&index=2,David Black-Schaffer,26/11/2025,2014,,,
⭐⭐⭐⭐,Youtube,71,Virtual Memory: 7 Address Translation Example Walkthrough,webVirtualMemory_3,https://www.youtube.com/watch?v=6neHHkI0Z0o&list=PLiwt1iVUib9s2Uo5BeYmwkDFUh70fJPxX&index=7,David Black-Schaffer,26/11/2025,2014,,,
⭐⭐⭐⭐⭐,Masterthesis,72,Cache Attacks and Rowhammer on ARM,thesisCacheAttacksandRH,https://mlq.me/download/master_thesis.pdf,Moritz Lipp,26/11/2025,2016,,TU Graz,Masterthesis
,Paper,73,DRAMA: Exploiting DRAM Addressing for Cross-CPU Attacks,paperDRAMA,https://gruss.cc/files/drama.pdf,"Peter Pessl, Daniel Gruss, Clémentine Maurice, Michael Schwarz, and Stefan Mangard",26/11/2025,2016,,,
,Paper,74,Memory-Aware Denial-of-Service Attacks on Shared Cache in Multicore Real-Time Systems,paperMemoryAware,https://www.ittc.ku.edu/~heechul/papers/hp_attack-tc2021.pdf,"Michael Bechtel, and Heechul Yun",26/11/2025,2021,https://doi.org/10.1109/TC.2021.3108044,,
,Paper,75,PALLOC: DRAM Bank-Aware Memory Allocator for Performance Isolation on Multicore Platforms,paperPALLOC,https://cs-people.bu.edu/rmancuso/files/papers/palloc-rtas2014.pdf,"Heechul Yun, Renato Mancuso, Zheng-Pei Wu, and Rodolfo Pellizzoni",26/11/2025,2014,https://doi.org/10.1109/RTAS.2014.6925999,,
,Paper,76,DRAMDig: A Knowledge-assisted Tool to Uncover DRAM Address Mapping,paperDRAMDig,https://arxiv.org/pdf/2004.02354,"Minghua Wang, Zhi Zhang, Yueqiang Cheng, and Surya Nepal",26/11/2025,2020,,,
,Documentation,77,11. PAT (Page Attribute Table),docPAT,https://www.kernel.org/doc/html/v5.7/x86/pat.html,The kernel development community,26/11/2025,,,,
,Paper,78,Theory and Practice of Finding Eviction Sets,paperTheoryAndPractice,https://arxiv.org/pdf/1810.01497,"Pepe Vila, Boris Köpf, and José F. Morales",26/11/2025,2019,https://doi.org/10.1109/SP.2019.00042,,
,Paper,79,Work-in-Progress: DRAM-MaUT: DRAM Address Mapping Unveiling Tool for ARM Devices,paperDRAMMaUT,https://www.researchgate.net/publication/365100106_Work-in-Progress_DRAM-MaUT_DRAM_Address_Mapping_Unveiling_Tool_for_ARM_Devices,"Anandpreet Kaur, Pravin Srivastav, and Bibhas Ghoshal",26/11/2025,2022,https://doi.org/10.1109/CASES55004.2022.00027,,
,Webseite,80,LPDRAM4/4X Performance Tweaks,webPerformanceTweaks,https://www.design-reuse.com/article/61401-lpdram4-4x-performance-tweaks/,Aditi Sharma,26/11/2025,,,,
⭐⭐⭐⭐,Paper,81,OpenGL GPU-Based Rowhammer Attack (Work in Progress),paperOpenGL,https://arxiv.org/pdf/2509.19959,"Antoine Plin, and Frédéric Fauberteau",26/11/2025,2025,https://doi.org/10.48550/arXiv.2509.19959,,
,Paper,82,Generic and Automated Drive-by GPU Cache Attacks from the Browser,paperGenericAndAutomated,https://dl.acm.org/doi/pdf/10.1145/3634737.3656283,"Lukas Giner, Roland Czerny, Christoph Gruber, Fabian Rauscher, Andreas Kogler, Daniel De Almeida Braga, and Daniel Gruss",26/11/2025,2024,https://doi.org/10.1145/3634737.3656283,,
⭐⭐⭐⭐⭐,Documentation,83,"JESD209-4, LPDDR4 Specification",docJEDECLPDDR4,https://www.jedec.org/standards-documents/docs/jesd209-4b,JEDEC,26/11/2025,2024,,,
⭐⭐⭐⭐⭐,Documentation,84,"JESD209-4, LPDDR4X Specification",docJEDECLPDDR4x,https://www.jedec.org/standards-documents/docs/jesd209-4-1,JEDEC,26/11/2025,2025,,,
⭐⭐⭐⭐,Paper,85,ARMageddon: Cache Attacks on Mobile Devices,paperARMageddon,https://www.usenix.org/system/files/conference/usenixsecurity16/sec16_paper_lipp.pdf,"Moritz Lipp, Daniel Gruss, Raphael Spreitzer, Clémentine Maurice, and Stefan Mangard",26/11/2025,2016,,,
,Documentation,86,Armv7-M Architecture Reference Manual,docARMv7ReferenceManual,https://developer.arm.com/documentation/ddi0403/latest/,ARM,26/11/2025,,,,
,Documentation,87,Arm® DynamIQ™ Shared Unit,docARMDynamIQ,https://documentation-service.arm.com/static/5e7e1bd8b2608e4d7f0a35b4?token=,ARM,26/11/2025,,,,
,Documentation,88,Exeption Levels ARM,docExeptionLevels,https://developer.arm.com/documentation/102412/0103/Privilege-and-Exception-levels/Exception-levels,ARM,26/11/2025,,,,
,Blog,89,Userspace vs. Kernelspace,webUserKernelspace,https://medium.com/@shahneel2409/userspace-vs-kernel-space-a-comprehensive-guide-8f9b96cd6426,Neel Shah,26/11/2025,2023,,,
⭐⭐⭐⭐,Documentation,90,Documentation for /proc/sys/kernel/*,docProcSysKernel,https://www.kernel.org/doc/Documentation/sysctl/kernel.txt,,26/11/2025,,,,
⭐⭐⭐⭐⭐,Documentation,91,"SCTLR_EL1, System Control Register (EL1)",docSCTLR_EL1,https://developer.arm.com/documentation/ddi0601/2025-09/AArch64-Registers/SCTLR-EL1--System-Control-Register--EL1-,ARM,26/11/2025,,,,
⭐⭐⭐⭐⭐,Documentation,92,"System Control Register, EL1",docSystemControlRegister,https://developer.arm.com/documentation/ddi0488/h/system-control/aarch64-register-descriptions/system-control-register--el1,ARM,26/11/2025,,,,
⭐⭐⭐⭐,Paper,93,"One bit flips, one cloud flops: cross-VM row hammer attacks and privilege escalation",paperOneBitFlipsOneCouldFlops,https://www.usenix.org/system/files/conference/usenixsecurity16/sec16_paper_xiao.pdf,"Yuan Xiao, Xiaokuan Zhang, Yinqian Zhang, and Radu Teodorescu",26/11/2025,2016,,,
,Paper,94,Reliable Reverse Engineering of Intel DRAM Addressing Using Performance Counters,paperReliableReverseEngineering,https://www.soramichi.jp/pdf/MASCOTS2020.pdf,"Christian Helm, Soramichi Akiyama, and Kenjiro Taura",26/11/2025,2020,https://doi.ieeecomputersociety.org/10.1109/MASCOTS50786.2020.9285962,,
,Masterthesis,95,"A Quantitative Analysis of Memory Controller Page Policies ",thesisPagePolicies,https://pdxscholar.library.pdx.edu/cgi/viewcontent.cgi?article=1659&context=open_access_etds,Matthew Blackmore,26/11/2025,2013,,"Portland State University ",Masterthesis
,Webseite,96,What is sdram memory,webSDRAMMemory,https://embeddedhardwaredesign.com/what-is-sdram-memory/,Vikky K,26/11/2025,2023,,,
,Forum,97,NUMA Testing,webNUMATesting,https://forums.raspberrypi.com/viewtopic.php?t=378276,dom,26/11/2025,2024,,,
,Paper,98,Nethammer: Inducing Rowhammer Faults through Network Requests,paperNethammer,https://arxiv.org/pdf/1805.04956,"Moritz Lipp, Misiker Tadesse Aga, Michael Schwarz, Daniel Gruss, Clémentine Maurice, Lukas Raab, and Lukas Lamster",26/11/2025,2018,https://doi.org/10.48550/arXiv.1805.04956,,
,Paper,99,"Knock-Knock: Black-Box, Platform-Agnostic DRAM Address-Mapping Reverse Engineering",paperKnockKnock,https://arxiv.org/pdf/2509.19568,"Antoine Plin, Lorenzo Casalino, Thomas Rokicki, and Ruben Salvador",26/11/2025,2025,,,
,Youtube,101,Another Flip in the Wall of Rowhammer Defenses,webAnotherFlip,https://www.youtube.com/watch?v=_JPhsqJzV5I&t,IEEE Symposium on Security and Privacy,26/11/2025,2018,,,
,Youtube,102,Demo: Another Flip in the Row - Opcode Flipping in sudo,webAnotherFlipDemo,https://www.youtube.com/watch?v=j-39WVXWqqQ,Michael Schwarz,26/11/2025,2018,,,
⭐⭐⭐⭐⭐,Webseite,103,Micron FBGA and component marking decoder,webFBGADecoder,https://www.micron.com/sales-support/design-tools/fbga-parts-decoder,micron,23/01/2026,,,,
,Paper,104,ANVIL: Software-Based Protection Against Next-Generation Rowhammer Attacks,paperANVIL,https://iss.oy.ne.ro/ANVIL.pdf,"Zelalem Birhanu Aweke, Salessawi Ferede Yitbarek, Rui Qiao, Reetuparna Das, Matthew Hicks, Yossi Oren, and Todd Austin",26/11/2025,2016,https://doi.org/10.1145/2980024.2872390,,
,Paper,105,A New Approach for Rowhammer Attacks,paperANewApproach,https://www.seclab.cs.sunysb.edu/seclab/pubs/host16.pdf,"Rui Qiao, mailto:ruqiao@cs.stonybrook.edund Mark Seaborn",26/11/2025,2016,https://doi.org/10.1109/HST.2016.7495576,,
,Presentation,106,Rowhammer Attacks: An Extended Walkthrough Guide,presRHAttacksWalkthrough,https://gruss.cc/files/sba.pdf,Daniel Gruss,26/11/2025,2017,,,
,Documentation,107,Cache Maintenance Operations,docCacheMaintenanceOperations,https://developer.arm.com/documentation/101924/0101/Memory-system/Instruction-and-data-cache/Cache-maintenance-operations,ARM,26/11/2025,,,,
,Github,108,ES_Security_rowhammer_rpi3,toolRPI3,https://github.com/japanninja74/ES_Security_rowhammer_rpi3,japanninja74,26/11/2025,2023,,,
,Datasheet,109,ARM® Cortex™ A Series Version: 4.0 Programmer’s Guide,datasheetCortexASeries,https://cpen432.github.io/resources/arm-cortex-a-prog-guide-v4.pdf,ARM,26/11/2025,,,,
,Github,110,reMap,toolReMap,https://github.com/helchr/reMap,helchr,26/11/2025,2020,,,
,Datasheet,111,Raspberry Pi RP1 Peripherals,datasheetRP1Peripherals,https://datasheets.raspberrypi.com/rp1/rp1-peripherals.pdf,Raspberry Pi,26/11/2025,,,,
,Github,112,Knock-Knock,toolKnockKnock,https://github.com/antpln/Knock-Knock,antpln,26/11/2025,2025,,,
,Github,113,rowhammer_rpi3,toolRowhammer_rpi3,https://github.com/developedby/rowhammer_rpi3,developedby,26/11/2025,2023,,,
,Github,114,palloc,toolPalloc,https://github.com/heechul/palloc,heechul,26/11/2025,2025,,,
,Github,115,zenhammer,toolZenhammer,https://github.com/comsec-group/zenhammer,comsec-group,26/11/2025,2024,,,
,Github,116,drama,toolDrama,https://github.com/isec-tugraz/drama,isec-tugraz,26/11/2025,2017,,,
,Github,117,FlippyRAM,toolFlippyRAM,https://github.com/iisys-sns/FlippyRAM/releases,iisys-sns,26/11/2025,2024,,,
,Github,118,rowhammer_armv8,toolRowhammer_armv8,https://github.com/0x5ec1ab/rowhammer_armv8,0x5ec1ab,26/11/2025,2019,,,
,Github,119,MemoryAwareDOS,toolMemoryAware,https://github.com/mbechtel2/MemoryAwareDOS,mbechtel2,26/11/2025,2021,,,
,Datasheet,120,LPDDR4X/LPDDR4 SDRAM,datasheetLPDDR4,https://www.mouser.com/datasheet/2/671/z4bm_embedded_lpddr4x_lpddr4-3193428.pdf?srsltid=AfmBOoosiPjdpHJFHgsNPLezD5lZeKOVsm-CQFsx3nFMOKjtvkmCLpQ6,micron,26/11/2025,,,,
,Github,121,TRRespass,toolTRRespass,https://github.com/vusec/trrespass,vusec,26/11/2025,2021,,,
,Documentation,122,Introduction to the Cortex®‑A76 core,docCortexA76,https://developer.arm.com/documentation/100798/0401/Introduction-to-the-Cortex-A76-core?lang=en,ARM,26/11/2025,,,,
,Documentation,123,ARM Cortex-A72 MPCore Processor Technical Reference Manual r0p3,docCortexA72,https://developer.arm.com/documentation/100095/0003/deb1353594352617?lang=en,ARM,26/11/2025,,,,
,Github,124,disable_cache,toolDisable_Cache,https://github.com/euseibus/disable_cache,euseibus,26/11/2025,2014,,,
,Github,125,armageddon,toolArmageddon,https://github.com/isec-tugraz/armageddon,isec-tugraz,26/11/2025,2017,,,
,Github,126,rowhammerjs,toolRowhammerjs,https://github.com/isec-tugraz/rowhammerjs,isec-tugraz,26/11/2025,2025,,,
,Github,127,drammer,toolDrammer,https://github.com/vusec/drammer,vusec,26/11/2025,2016,,,
,Github,128,blacksmith,toolBlacksmith,https://github.com/comsec-group/blacksmith,comsec-group,26/11/2025,2024,,,
,Github,129,rowhammer-test,toolRowhammer-test,https://github.com/google/rowhammer-test,google,26/11/2025,2015,,,
,Github,130,flipfloyd,toolFlipfloyd,https://github.com/isec-tugraz/flipfloyd,isec-tugraz,26/11/2025,2018,,,
,Github,131,Flipper,toolFlipper,https://github.com/iisys-sns/Flipper,iisys-sns,26/11/2025,2025,,,
,Github,132,halfdouble,toolHalfDouble,https://github.com/isec-tugraz/halfdouble,isec-tugraz,26/11/2025,2022,,,
,Github,133,hammer-kit,toolHammer-kit,https://github.com/google/hammer-kit,google,26/11/2025,2020,,,
,Github,134,rowhammer,toolRowhammer,https://github.com/CMU-SAFARI/rowhammer,CMU-SAFARI,26/11/2025,2014,,,
,Github,135,hammertime,toolHammertime,https://github.com/vusec/hammertime,vusec,26/11/2025,2018,,,
,Datasheet,136,Raspberry Pi 4 B Model Product Brief,datasheetRPI4ProductBrief,https://datasheets.raspberrypi.com/rpi4/raspberry-pi-4-product-brief.pdf,Raspberry Pi,26/11/2025,2025,,,
,Datasheet,137,Raspberry Pi 4 B Model Reduced Schematics,datasheetRPI4Schematics,https://datasheets.raspberrypi.com/rpi4/raspberry-pi-4-reduced-schematics.pdf,Raspberry Pi,26/11/2025,,,,
,Datasheet,138,Raspberry Pi 4 B Mechanical Drawing,datasheetRPI4Drawing,https://datasheets.raspberrypi.com/rpi4/raspberry-pi-4-mechanical-drawing.pdf,Raspberry Pi,26/11/2025,,,,
,Datasheet,139,Raspberry Pi 5 Product Brief,datasheetRPI5ProductBrief,https://datasheets.raspberrypi.com/rpi5/raspberry-pi-5-product-brief.pdf,Raspberry Pi,26/11/2025,2025,,,
,Datasheet,140,Raspberry Pi 5 Mechanical Drawing,datasheetRPI5Drawing,https://datasheets.raspberrypi.com/rpi5/raspberry-pi-5-mechanical-drawing.pdf,Raspberry Pi,26/11/2025,,,,
,Datasheet,141,MT53E2G32D4NQ-046 WT:A part detail (hammerpi02),datasheetHammerpi02,https://www.micron.com/products/memory/dram-components/lpddr4/part-catalog/part-detail/mt53e2g32d4nq-046-wt-a,micron,26/11/2025,,,,
,Datasheet,142,MT53E1G32D2FW-046 WT:B part detail (hammerpi03),datasheetHammerpi03,https://www.micron.com/products/memory/dram-components/lpddr4/part-catalog/part-detail/mt53e1g32d2fw-046-wt-b,micron,26/11/2025,,,,
,Datasheet,143,MT53E2G32D4DE-046 WT:C part detail (hammerpi04),datasheetHammerpi04,https://www.micron.com/products/memory/dram-components/lpddr4/part-catalog/part-detail/mt53e2g32d4de-046-wt-c,micron,26/11/2025,,,,
,Datasheet,144,MT53E4G32D8CY-046 WT:C part detail (hammerpi05),datasheetHammerpi05,https://www.micron.com/products/memory/dram-components/lpddr4/part-catalog/part-detail/mt53e4g32d8cy-046-wt-c,micron,26/11/2025,,,,
,Datasheet,145,"ARM Limited. 2017. ARM Architecture Reference Manual - ARMv8, for ARMv8-A architecture profil",datasheetARMReferenceManual,https://developer.arm.com/documentation/ddi0487/latest,ARM,27/11/2025,,,,
,Paper,146,MASCAT: Preventing Microarchitectural Attacks Before Distribution,paperMASCAT,https://dl.acm.org/doi/pdf/10.1145/3176258.3176316,"Gorka Irazoqui, Thomas Eisenbarth, and Berk Sunar",27/11/2025,2018,https://doi.org/10.1145/3176258.3176316,,
,Webseite,148,Concurrency vs. Parallelismus – Definition und Unterschiede,webParallelism,https://brightdata.de/blog/web-data-de/concurrency-vs-parallelism,Lakindu H. on bright data,28/01/2026,,,,
,Youtube,149,Concurrency Vs Parallelism!,webParallelismVsConcurrency,https://www.youtube.com/watch?v=RlM9AfWf1WU&t,ByteByteGo,28/01/2026,2025,,,
,Datasheet,150,Intel® 64 and IA-32 Architectures Optimization Reference Manual,datasheetIntelReferenceManual,https://www.intel.com/content/www/us/en/content-details/671488/intel-64-and-ia-32-architectures-optimization-reference-manual-volume-1.html,Intel,03/12/2025,2023,,,
,Documentation,151,CLFLUSH — Flush Cache Line,docCLFLUSH,https://www.felixcloutier.com/x86/clflush,Félix Cloutier,28/01/2026,,,,
,Documentation,152,"DC CIVAC, Data or unified Cache line Clean and Invalidate by VA to PoC",docDCCIVAC,https://developer.arm.com/documentation/111107/2025-09/AArch64-Instructions/DC-CIVAC--Data-or-unified-Cache-line-Clean-and-Invalidate-by-VA-to-PoC?lang=en,ARM,28/01/2026,,,,
,Documentation,153,"DC CVAC, Data or unified Cache line Clean by VA to PoC",docDCCVAC,https://developer.arm.com/documentation/111180/2025-09_ASL1/AArch64-Instructions/DC-CVAC--Data-or-unified-Cache-line-Clean-by-VA-to-PoC,ARM,28/01/2026,,,,
,Documentation,154,"DC ZVA, Data Cache Zero by VA",docDCZVA,https://df.lth.se/~getz/ARM/SysReg/AArch64-dc-zva.html,"Arm Limited ",28/01/2026,2024,,,
,Paper,155,"Grand Pwning Unit: Accelerating Microarchitectural
Attacks with the GPU",paperPwning,https://ieeexplore.ieee.org/stamp/stamp.jsp?tp=&arnumber=8418604,"Pietro Frigo, Cristiano Giuffrida, Herbert Bos, and Kaveh Razavi",28/01/2026,2018,https://doi.org/10.1109/SP.2018.00022,,
,Paper,156,Flipping Bits Like a Pro,paperProFlipping,https://www.cse.iitd.ac.in/~panda/ESWEEK-2023-LBR-ESL/les-kaur-3298737.pdf,"Anandpreet Kaur, Pravin Srivastav, and Bibhas Ghoshal",28/01/2026,2023,https://doi.org/10.1109/LES.2023.3298737,,
,Blog,157,Observing interrupts from userland on x86,webPhyAddrMap,https://lackingrhoticity.blogspot.com/2015/05/how-physical-addresses-map-to-rows-and-banks.html,Lacking Rothicity,28/01/2026,2015,,,
,Documentation,158,taskset(1) — Linux manual page,docTaskset,https://man7.org/linux/man-pages/man1/taskset.1.html,man7,28/01/2026,2026,,,
,Masterthesis,159,DRAMA: Exploiting DRAM Buffers for Fun and Profit,thesisDRAMA,https://blackhat.com/docs/eu-16/materials/eu-16-Schwarz-How-Your-DRAM-Becomes-A-Security-Problem-wp.pdf,Michael Schwarz,28/01/2026,2016,,Graz University of Technology,Mastherthesis
,Github,160,AMDRE,toolAMDRE,https://github.com/iisys-sns/AMDRE,"Martin Heckel, and Florian Adamsky",28/01/2026,2023,,,
,Youtube,161,Funktionsweise des Cache in einer CPU,webCachelines,https://www.youtube.com/watch?v=zF4VMombo7U,BitLemon,28/01/2026,2025,,,
,Webseite,162,Memory Controllers: The Brain Behind RAM Management,webMemoryController,https://www.abhik.xyz/concepts/memory/memory-controllers,Abhik Sarkar,28/01/2026,2025,,,
,Paper,163,Software-only Reverse Engineering of Physical DRAM Mappings for Rowhammer Attacks,paperPhysicalDRAMMappingRE,https://safari.ethz.ch/architecture_seminar/fall2020/lib/exe/fetch.php?media=barenghi2018softwareonly.pdf,"Alessandro Barenghi, Luca Breveglieri, Niccolò Izzo, and Gerardo Pelosi",28/01/2026,2018,10.1109/IVSW.2018.8494868,,
,Webseite,164,Induktiv und deduktiv vorgehen in 4 Schritten – So geht's!,webInductiveDeductive,https://www.scribbr.de/methodik/induktiv-deduktiv/,Scribbr,02/01/2026,2018,,,
,Webseite,165,Raspberry Pi software,webRaspberryImager,https://www.raspberrypi.com/software/,Raspberry Pi,02/01/2026,,,,
,Documentation,166,"DCZID_EL0, Data Cache Zero ID Register",docDCZID,https://df.lth.se/~getz/ARM/SysReg/AArch64-dczid_el0.html,Arm Limited,06/01/2026,2024,,,
,Paper,167,Cache Games - Bringing Access-Based Cache Attacks on AES to Practice,paperCacheGames,https://eprint.iacr.org/2010/594.pdf,"David Gullasch, Endre Bangerter, and Stephan Krenn",07/01/2026,2011,10.1109/SP.2011.22,,
,Paper,168,"Flush+Reload: A High Resolution, Low Noise, L3 Cache Side-Channel Attack",paperFlushReload,https://www.usenix.org/system/files/conference/usenixsecurity14/sec14-paper-yarom.pdf,"Yuval Yarom, and Katrina Falkner",07/01/2026,2014,,,
,Paper,169,Cache Template Attacks: Automating Attacks on Inclusive Last-Level Caches,paperCacheTemplateAttacks,https://www.usenix.org/system/files/conference/usenixsecurity15/sec15-paper-gruss.pdf,"Daniel Gruss, Raphael Spreitzer, and Stefan Mangard",07/01/2026,2015,,,
,Paper,170,"Recovering OpenSSL ECDSA
Nonces Using the Flush+Reload Cache Side-channel Attack",paperECDSA,https://eprint.iacr.org/2014/140.pdf,"Yuval Yarom, and Naomi Benger",07/01/2026,2014,,,
,Paper,171,"Wait a minute! A fast, Cross-VM attack on AES",paperWaitAMinute,https://eprint.iacr.org/2014/435.pdf,"Gorka Irazoqui, Mehmet Sinan Inci, Thomas Eisenbarth, and Berk Sunar",07/01/2026,2014,10.1007/978-3-319-11379-1_15,,
,Webseite,172,"RPi3, RPi4 Hardware - lulu98/projects-with-sel4 GitHub Wiki",webRPi4Hardware,https://github-wiki-see.page/m/lulu98/projects-with-sel4/wiki/RPi3%2C-RPi4-Hardware,lulu89,07/01/2026,2022,,,
,Documentation,173,Arm® DynamIQ™ Shared Unit,docSharedUnit, https://share.google/MaUeABdvCVJbcmSw2,ARM,07/01/2026,2019,,,
,Forum,174,How to determine the Pi 5 inclusivness,webInclusivness,https://forums.raspberrypi.com/viewtopic.php?t=392384,thePi0neer,07/01/2026,2025,,,
,Paper,175,Flush+Flush: A Fast and Stealthy Cache Attack,paperFlushFlush,https://arxiv.org/pdf/1511.04594,"Daniel Gruss, Clémentine Maurice, Klaus Wagner, and Stefan Mangard",08/01/2026,2016,https://doi.org/10.48550/arXiv.1511.04594,,
,Paper,176,Cache Attacks and Countermeasures: the Case of AES,paperCaseOfAES,https://eprint.iacr.org/2005/271.pdf,"Dag Arne Osvik, Adi Shamir, and Eran Tromer",08/01/2026,2014,,,
,Paper,177,"S$A: A Shared Cache Attack that Works Across Cores and Defies VM
Sandboxing—and its Application to AES",paperSharedCacheAttack,https://www.ieee-security.org/TC/SP2015/papers-archived/6949a591.pdf,"Gorka Irazoqui, Thomas Eisenbarth, and Berk Sunar",08/01/2026,2015,10.1109/SP.2015.42,,
,Paper,178,Last-Level Cache Side-Channel Attacks are Practical,paperLastLevelCacheAttack,https://yuval.yarom.org/pdfs/LiuYGHL15.pdf,"Fangfei Liu, Yuval Yarom, Qian Ge, Gernot Heiser, and Ruby B. Lee",08/01/2026,2015,10.1109/SP.2015.43,,
,Paper,179,Cache-Access Pattern Attack on Disaligned AES T-Tables,paperCacheAccessPattern,https://www.researchgate.net/publication/261251068_Cache-Access_Pattern_Attack_on_Disaligned_AES_T-Tables,"Raphael Spreitzer, and Thomas Plo",12/01/2026,2013,10.1007/978-3-642-40026-1_13,,
,Paper,180,Towards More Practical Time-Driven Cache Attacks,paperTimeDrivenCacheAttacks,https://inria.hal.science/hal-01400918/document,"Raphael Spreitzer, and Benoit Gérard",12/01/2026,2016,10.1007/978-3-662-43826-8_3,,
,Paper,181,"PMCCNTR_EL0, Performance Monitors Cycle Counter",paperPMCCNTREL0,https://df.lth.se/~getz/ARM/SysReg/pmu.pmccntr_el0.html,Arm Limited,14/01/2026,2024,,,
,Webseite,182,Pitfalls of TSC usage,webPitfalls,https://oliveryang.net/2015/09/pitfalls-of-TSC-usage/,Oliver Yang,15/01/2026,215,,,
,Paper,183,Reverse-Engineering Bank Addressing Functions on AMD CPUs,paperREBankAddressing,https://dramsec.ethz.ch/papers/revengamd.pdf,"Martin Heckel, and Florian Adamsky",15/01/2026,2023,,,
,Forum,184,HugePages on Raspberry Pi 4,webHugePagesRPi4,https://stackoverflow.com/questions/64913818/hugepages-on-raspberry-pi-4/64914391#64914391,user13938059,21/01/2026,2022,,,
,Documentation,185,The Linux kernel,docLinuxKernel,https://www.raspberrypi.com/documentation/computers/linux_kernel.html,Raspberry Pi,21/01/2026,,,,
,Github,186,Recompile Linux Kernel To Enable HUGEPAGES On Raspberry Pi 5,toolRecompileKernel,https://gist.github.com/Justin0dev/66d56e8ca0892c6d22369a6f54983fbb,Justin0dev,21/01/2026,2025,,,
,Github,187,linux,toolLinuxKernel,https://github.com/raspberrypi/linux,"Raspberry Pi ",21/01/2026,2026,,,
,Webseite,188,Serial presence detect,webSPD,https://en.wikipedia.org/wiki/Serial_presence_detect,Wikipedia,26/01/2026,2026,,,